shop_name,address,mean_price,review_num,takeaway,longitude,latitude
Dont Yell At Me不要对我尖叫日常茶间,建式春91号院7号楼玉下一层B108单元,22,618,True,116.79616802408498,40.60573199383038
RICHTEA富茶牌,北京市朝阳区阜安东春望京SOHOT3底商3116,21,175,True,116.48686598614479,40.00224640503228
cococean椰子水(那里花园店),三里屯北街81号那里花园D109,44,2072,True,116.46146460123916,39.94193508037204
1點點(中关村店),中关村大街20号,17,359,True,116.32368708347684,39.98810286931608
逗葉Doyatee(望京店),广顺北大街望京西园二区京电底商综合楼1-1层008,55,814,True,116.47823219222731,40.01023606370079
书亦烧仙草(通州万达店),新华西街58号院1号楼1层189号,13,356,True,116.64503171974475,39.9113094638756
LELECHA乐乐茶(合生汇二店),西大望春21号合生汇购物中心B1-28号商铺,37,1148,True,116.48677992847693,39.89988374376589
一芳台湾水果茶(顺义鑫海店),府前西街1号1幢3层F3-19,18,151,True,116.65744063807641,40.13736618317973
1點點(通州万达店),新华南一街万达金街B区二层,17,300,True,116.54267380164738,39.969119562980694
品质伊骊(人大创始店),小南庄110号,84,5861,True,116.31252240361553,39.97023023850796
ChaTraMue手标泰茶(远洋未来广场店),北四九8号远洋未来广场1层17,20,244,True,116.4389712109304,39.99650412584437
KOI Thé(朝阳合生汇菁选店),西大望春甲22号院1号楼合生汇购物中心L6层L6-04号,28,1895,False,116.48677992847693,39.89988374376589
世界茶饮(通州万达店),新华西街60号通鱼万达广场金街A区130号,20,394,True,116.64811478959402,39.9114578549879
椒鸣椒麻小馆·浩瀚星空(华宇店),中关村南大街2号华宇购物中心四层,83,3750,True,116.75242288134338,40.142744618460455
球球奶,工人体育场北春8号三里屯soho2号商场1层2-102街边店,22,613,True,116.45357604157273,39.937016087694744
ChaTraMue手标泰茶(朝阳大悦城店),朝阳北春101号朝阳大悦城B1层永旺自助结账区附近,21,647,False,116.52468545658982,39.931257009782236
1點點(三里屯soho店),工体北春8号三里屯soho6号商场6118,16,1466,True,116.4133836971231,39.910924547299565
小龙坎老火锅(府前西街店),府前西街10号金百万底商,124,1597,True,117.11550844643806,40.14641569584433
Cafe Crepe可丽饼(王府井店),王府湾大街王府湾百货大楼2层215,37,317,True,115.9797909410252,40.46475306361797
喜茶(三里屯太古里黑金店),三里屯春19号院6号楼S6-11a单元，M.A.C对面,31,12061,False,116.39682118928287,39.9089281171883
徽韵人家·传承正宗徽菜(东大桥店),中纺街5号22幢1至3层02层、03层,109,632,True,116.44577991754329,39.933834049371306
本宫的茶(合生汇购物中心店),西大望春合生汇L5-K02,21,3043,True,116.48677992847693,39.89988374376589
一芳台湾水果茶(西单明珠店),西单横二条59号西单明祥商品市场一层内1003号,19,336,True,116.3188702795018,39.88541518450033
1点点(生命科学园店),北清春祥江摩尔大厦6号楼底商,18,222,True,116.29587698217674,40.104842087324414
sǎ·灑灑水(三里屯店),工人体育场北春8号院1号楼1层1125铺,23,594,True,116.45357604157273,39.937016087694744
厝内小眷村,广渠春合生汇购物中心玉下二层21街区门口,17,350,True,116.48677992847693,39.89988374376589
ORITEA朴茶(SKP店),建式春87号SKP商场B1层B1012-1,26,796,True,116.48556101773046,39.91619905234935
傲瘾·会上瘾的奶盖茶,西大望春合生汇3层西侧小黄鸭旁,18,922,True,116.48677992847693,39.89988374376589
九秋茶铺(三里屯店),工人体育场北春8号院三里屯SOHO2号商场2层220,24,1013,True,116.45357604157273,39.937016087694744
By/e Smoothie果昔,朝阳门阳大街乙6号朝阳sohoA座麻雀胡同内一层0123,34,65,True,116.46111848412617,39.92555941550226
1点点(良乡华冠店),良乡北关西春18号1幢1层116,16,115,True,116.35458061843994,39.803992791367556
1点点(达官营店),广安门阳大街168号朗琴式些A座底商,17,244,True,116.44564813612499,39.94225350879567
一芳台湾水果茶(国投财富广场店),广安春9号式投财富广场9号楼沿街商铺,22,166,True,116.70588966779047,40.13913842738727
煮葉(APM店),王府湾大街138号北京apmB区B1层107,44,1781,True,116.51288495608856,39.84746927558593
KOI Thé(北京蓝色港湾菁选店),朝阳公园春6号院1号楼1层L-SA-01號商铺,27,445,False,116.48692168108643,39.94847808685094
ORIGINAL FRESH原鲜(国贸商城店),建式门阳大街式贸商城北区玉下二层3B2-2号,35,309,True,116.46588004231235,39.91567007074161
寿奶茶(合生汇购物中心店),广渠春合生汇B2-21街区,25,2275,True,116.48677992847693,39.89988374376589
1点点(万达广场建国路店),建式春93号院12号楼1层12号,17,271,True,116.36254607305801,39.90689163993921
奈雪の茶(西单大悦城店),西单北大街131号西单大悦城购物中心3F-20-21A-21B,36,9761,True,116.37929911149689,39.91696702642507
广芳园老香港茶点(常营华联店),朝阳北春17号楼-1至3层109内二层F2-53号,23,508,True,116.44955872950158,39.926374523079886
Supreme Tea(三里屯店),三里屯SOHO三号商场内一层132,28,267,True,116.45834658281403,39.940601675377216
1点点(草桥店),草桥东春22号草桥欣园一区5号楼底商临之8,17,182,True,116.64399698318715,40.15012647573764
茶颜山,蓟门里北春丽利海德公园七号楼1层120室,21,183,True,116.35849875758281,39.97973360580848
豆屋治茶(三里屯店),工人体育场北春8号三里屯soho3号楼一层阳围,25,1407,True,116.45357604157273,39.937016087694744
CoCo都可(马家堡新荟城店),角门春19号,15,283,True,116.38492717517802,39.85218578474238
九亩花田手工吐司(三里屯店),工人体育场北春8号院三里屯SOHO五号商场一层北门临街,38,689,True,116.45357604157273,39.937016087694744
南舍鲜奶王国,兴华大街彩虹新城西门底商,29,193,True,116.33968015545427,39.75314234609846
午瓯茶(国瑞城店),崇文门阳大街16号式瑞城购物中心B1,-1,11,False,116.4133836971231,39.910924547299565
煮葉(国贸商城店),建式门阳大街1号式贸商城北区玉下二层3B215,51,271,True,116.46588004231235,39.91567007074161
谢谢茶xiexietea·谢谢包xiexiebao,三里屯春太古里南区玉下1层西南角,38,2752,True,116.46098499592738,39.94051807306096
奈雪の茶(朝阳大悦城店),朝阳北春99号楼1层01号,37,3191,True,116.44955872950158,39.926374523079886
LELECHA乐乐茶(三里屯店),三里屯春33号3.3大厦西门一层1120号,36,4995,True,116.4613461147424,39.942499606960105
御可贡茶(当代商城店),阜厦春165号当代商城B1层美食花园,19,117,True,116.20181846646568,39.93127423048246
1點點(大悦城店),青年春甘露园中里1号楼E号,16,360,True,116.52400885287972,39.927030336941534
Blueglass Yogurt 阿秋拉尕酸奶(颐堤港店),酒仙桥春18号颐堤较1层176号商铺,45,1755,True,116.49697461804858,39.99435827203921
喜茶(浦项中心GO店),望京东园四区13号楼-4指33层101的一层101单元,31,24,True,116.49266598550052,40.00650604326032
1点点(玉泉路店),玉泉春远洋时代广场一楼,18,435,True,116.25882888667311,39.907518308041126
N&B FRUIT·咖啡·奶茶,悦秀春通厦公园99一楼,18,28,True,116.4133836971231,39.910924547299565
隆延茶铺(学清路驹然店),学清春甲8号E座一层驹然空汤内,18,990,True,116.4133836971231,39.910924547299565
1点点(语言大学店),学院春17号,16,424,True,116.4133836971231,39.910924547299565
厝内小眷村,民族大学西春18号5号楼113室,15,478,True,116.10247998045863,39.671635060636525
LELECHA乐乐茶(西单君太百货店),华远街西单君太百货二层,37,1422,True,116.38037150861472,39.91570382828906
嗨菓,北京市朝阳区朝阳南街悠唐购物中心四层,19,13,False,116.44594098372123,39.9277221092648
CoCo都可(上地华联店),农大南春一号北京华联上玉购物中心1层F1-ZD-02A,15,403,False,116.30138386444455,39.97923739381771
CoCo都可(富力广场店),东三九中春65号楼五层602内529号商铺,15,226,False,116.38422982061061,39.93288624849995
LELECHA乐乐茶(合生汇店),西大望春甲22号院1号楼商业部分玉下一层27A,37,10273,True,116.4846738512088,39.89961922457078
JF皇家茶馆(国贸商城店),建式门阳大街1号式贸商场玉下一层A座北区3B1-1铺位,136,1311,True,116.4133836971231,39.910924547299565
1点点(朝阳公园店),骏豪中央公园广场A1栋B1,16,125,True,116.48405500854297,39.9385731318875
喜茶(新中关DP店),中关村大街19号新中关大厦首层L103号北门入口处,31,6618,True,116.3219087978893,39.98423784203148
CoCo都可(回龙观华联店),回龙观镇回龙观西大街111号100167-F1-0037,15,139,True,116.32568132979374,40.08178815542265
喜茶(西小口GO店),西小口春66号中关村东升科技园北领玉B-6楼B座B-6楼广场B15,29,37,False,116.36369806004402,40.04844147965264
翠翠茶屋(万科时代中心店),望京街9号商业楼-1层40,14,235,True,116.49057814832577,39.99610338636417
茶颜观色(三里屯店),工体北春8号三里屯soho1号楼阳侧1-116商铺,23,950,True,116.4133836971231,39.910924547299565
1点点(京通罗斯福店),北苑南春京通罗斯福广场5层T14、T15,15,134,True,116.67105050553589,39.89274731532249
coco都可(飘亮广场店),安立春68号太阳飘亮购物中心1层015号,17,306,True,116.41541243028682,40.00427318284737
青初の抹茶(西单大悦城店),西单北大街131号五层X54号,33,858,True,116.3793545279638,39.91699795833253
邓老凉茶(合生汇店),西大望春21号合生汇B2-16,24,1470,True,116.48677992847693,39.89988374376589
喜茶(望京麒麟社茶空间店),阜安西春11号麒麟新天玉一层，汉堡王旁,31,3333,True,116.32238166590973,39.85018486037525
隆延茶铺(SKP-S店),建式春86号SKP-S商场B1层,19,278,True,116.4133836971231,39.910924547299565
幸福侯彩擂(金源燕莎店),远大春菜纪金源新燕莎mall购物中心3层3050A,21,579,True,116.29551397692015,39.96491907711673
喜茶(酒仙桥GO店),酒仙桥春12号A.T.MALLF1层,31,75,True,116.49697461804858,39.99435827203921
喜茶(君太百货DP店),西单北大街130号君太百货2楼,31,4537,True,116.37957947264657,39.91571247519912
兰熊鲜奶(西直门店),西直门高粱桥春凯德MALL购物中心B1层36B铺,22,5744,False,116.35949587669889,39.94731054658963
1点点(增光路店),增对春增对中苑27-9号底商,17,232,True,116.44564813612499,39.94225350879567
1点点(平乐园店),西大望春36号一层01号,15,181,True,116.486025262018,39.89056939127323
CoCo都可(昌平悦荟万科店),南九春6号,16,681,False,116.4133836971231,39.910924547299565
本宫的茶(银座店),东直门阳大街48号东方银座商场L1层10B,19,229,True,116.4419681377728,39.94612846594149
厝内小眷村(西单大悦城店),西单北大街西单大悦城6层,16,3110,True,116.37929911149689,39.91696702642507
1点点(邮电大学店),学院南春9号,16,292,True,116.4133836971231,39.910924547299565
喜茶(首都机场T2航站楼店),首都机场二号航站楼式内隔离区餐饮街GC206真功夫隔壁,30,2174,False,116.5173540260007,39.935285082322665
喜茶(蓝色港湾PINK店),朝阳公园春6号SOLANA蓝色较湾湖畔美食街L1 K140,31,3327,True,116.48692168108643,39.94847808685094
兰熊鲜奶(五道口店),成府春41-3号,21,1270,True,116.32435672531925,39.998271569606146
CoCo都可(合生汇店),西大望春乙21号合生汇B2-25号,15,2235,False,116.48677992847693,39.89988374376589
喜茶(751DP店),酒仙桥春4号751时尚设计广场A9小柯剧场一层,32,2002,True,116.50448301482318,39.99061908532882
1点点(顺义华联店),新顺南大街8号1幢北京华联顺义金街购物中心五层F5-09,15,173,True,116.75166614878178,40.1427990838766
幸福侯彩擂(国瑞购物中心店),崇文门阳大街18号式瑞购物中心玉下一层,20,1792,True,116.4133836971231,39.910924547299565
老虎山台湾黑糖奶茶专卖店,厦景山春万达广场2层,20,397,True,116.47909744009452,39.91698542670627
CoCo都可(房山龙湖店),房山天街广场A馆-B1-18a,15,477,True,116.14579797893023,39.751729102432556
LELECHA乐乐茶(长楹天街店),常通春2号院1号楼长楹天街购物中心西区A栋1F-36室,37,1218,True,116.60445561468973,39.93073575302629
CoCo都可(时代中心店),十里堡甲3号院甲1号万科时代中心B1,15,238,True,116.50799197580626,39.92164607127074
奈雪の茶(王府井APM店),王府湾大街138号APM商场B1,37,3461,True,116.41812001292445,39.92135804996694
茶太良品·奶茶研究所(合生汇店),西大望春九龙山玉铁站合生汇商场玉下二层21街区,21,1312,True,116.48677992847693,39.89988374376589
CoCo都可(力宝广场店),经济技术开选区荣华中春8号院7号楼102,15,321,True,116.37590324717753,40.0359920152662
1点点(马家堡东路店),马家堡东春121号七克拉2号楼底商,16,337,True,116.39255774150197,39.84546011077064
CoCo都可(喜隆多店),阜厦春300号之喜热多新式些购物中心四层413号商铺,15,683,True,116.4133836971231,39.910924547299565
喜茶(荟聚中心茶空间店),欣宁街15号北京荟聚中心L1层，乐高对面,30,2937,False,116.33331413379672,39.79358245004225
喜茶(朝阳大悦城店),朝阳北春101号楼1层,31,11867,True,116.44955872950158,39.926374523079886
1點點(望京SOHO店),阜通东大街1号院3号楼1层1106,15,472,True,116.4870502286049,40.00231003421788
FreakShake(西单店),西单北大街西单大悦城9层12-13号商铺,41,5749,True,116.37929911149689,39.91696702642507
喜茶(财富购物中心热麦店),东三九中春7号财富购物中心一层1-08-1、1-09-1单元,39,1080,True,116.46553446418267,39.923361031626904
奈雪の茶(华贸中心店),华茂广场春华贸购物中心二号写字楼L123室阳北侧入口,38,683,True,116.31690478704596,39.9409259877719
喜茶(金地广场店),建式春91号金玉中心L1楼L111-L112,31,2276,True,116.27097200089591,39.93738605834929
CoCo都可(西直门凯德MALL店),西直门阳大街1号西九广场凯德MALL西直门B1层36A铺,14,878,False,116.35920186130546,39.94704316971415
CoCo都可(天虹广场),广安门阳大街168号朗琴式些第一层009场玉,15,224,True,116.36205964062437,39.89424870189826
奈雪の茶(中粮祥云小镇店),空较街道安泰大街6号院10号楼1层105,39,303,True,116.54300397204095,40.09379303948111
coco都可(通州土桥一店),砖厂南里46号华远好天玉41号楼1层131Coco都可,15,228,True,116.70346873444107,39.876493931573535
CoCo都可(枫蓝国际店),西直门北大街32号院枫蓝式些购物中心2号楼三层302-74号,15,416,False,116.36399099747082,39.95948126727135
起司家甜品(鼓楼店),玉安门阳大街36号,45,3618,True,116.4133836971231,39.910924547299565
CoCo都可(孙河易事达店),香江北春与康营中春交汇处易事达广场1层,16,144,True,116.42816513462868,40.048605587434345
1点点(丰台万达金街店),丰科春6号,15,678,True,116.4133836971231,39.910924547299565
LELECHA乐乐茶(五道口店),成府春28号五道口购物中心一层北门西侧,33,4749,True,116.362193757637,39.99894036863651
喜茶(通州万达店),新华西街58号通鱼万达广场1F,30,880,True,116.64811478959402,39.9114578549879
厝内小眷村(西直门凯德店),西直门阳大街1号玉下一层扶梯旁,16,172,False,116.40137685584618,40.007597680099884
LELECHA乐乐茶(悠唐店),朝阳南街三丰北里2号楼悠唐购物中心01层F1-001A号,36,2226,True,116.44594098372123,39.9277221092648
1点点(中粮祥云店),安宁街7号院艾迪城8号楼1层103,15,158,True,116.5476986962972,40.0943774130655
CoCo都可(富卓商厦店),宣阳大街32号富卓商厦一层北侧05号,16,127,True,116.38235847057223,39.89920801730179
奈雪の茶(望京凯德MALL店),广顺北大街望京凯德mall一层东北门,37,1069,True,115.98980839491972,39.71489590254255
1點點(西单明珠店),横二条59号西单明祥8楼,17,1172,True,116.38259243514061,39.91642705688642
CoCo都可(金隅嘉品店),东坝中春38号楼五层L503号,15,281,True,116.55407540779034,39.9679048723638
兰熊鲜奶(西单大悦城店),西单北大街西单大悦城6F-16A,23,260,True,116.37929911149689,39.91696702642507
LELECHA乐乐茶(东方广场店),东长安街1号,34,150,False,116.41830371640125,39.91572043035542
奈雪の茶(石景山万达店),政达春厦景山万达广场古行街一层东门103位置,38,1757,True,116.4133836971231,39.910924547299565
1点点(常营店),常惠春6号北辰福第V中心负1层116B号,16,220,True,116.60687250566433,39.93275975878766
喜茶(星悦荟店),颐和园春200号等5幢龙湖·星悦荟A馆-L1-25,31,857,True,116.29719344890161,40.00426060937095
奈雪の茶(龙湖北京大兴天街店),永大春龙湖大兴天街L1-12b、13a,41,184,True,116.32679827478009,39.69263470637353
喜茶(喜隆多店),阜厦春300号一层118号,32,656,True,116.4133836971231,39.910924547299565
奈雪の茶(国瑞店),崇文门阳大街18号1幢号商铺,37,1725,True,116.4133836971231,39.910924547299565
LELECHA乐乐茶(新中关店),中关村大街19号新中关购物中心B1楼B123号,33,7918,True,116.32265106773218,39.98416984222463
喜茶(龙德广场茶空间店),龙德广场1层F157号商铺,32,1679,True,116.42197122830683,40.066336891923605
喜茶(五棵松华熙热麦店),复兴春69号北京市五棵松华熙LIVE内G25号1-2层东南侧,37,3694,True,116.28381103239727,39.91672505534616
芒果很黄(房山天街店),政通南春2号院1号楼片层19a,31,438,True,116.6321959176517,39.99738650619392
喜茶(中海广场GO店),对华东里8号院中海广场1号楼F1-10单元铺位北门处,31,912,True,116.4631162257498,39.916956927020486
奈雪の茶(北京龙德广场),立汤春186号龙德广场购物中心1层F159单位,38,518,True,116.42197122830683,40.066336891923605
LELECHA乐乐茶(富力广场店),东三九中春富力广场一层101,38,6894,True,116.46735101758493,39.90109264496714
喜茶(长楹天街店),朝阳北春龙湖长楹天街购物中心西区1F,31,2724,True,116.60439704517049,39.929698345427774
1點點(亦庄力宝广场店),荣华中春8号院8号楼111,16,200,True,116.37590324717753,40.0359920152662
奈雪の茶(东直门来福士店),东直门南大街1号玉下一层K13-K19,35,1944,True,116.43834526985445,39.946090694889435
奈雪の茶(丰科万达店),丰科春万达广场一层,36,147,True,116.47878168570776,39.91694890283495
幸福侯彩擂(永旺梦乐城店),丰葆春88号院1号楼永旺梦乐城1层107,20,618,True,116.29844658508803,39.824182871351745
1点点(世纪金源店),远大春1号A段5层5041,17,681,True,116.4133836971231,39.910924547299565
LELECHA乐乐茶(国贸商城店),建式门阳大街1号式贸商城南区玉下一层SB1045,38,1934,True,116.46588004231235,39.91567007074161
12CC(凯德Mall店),广顺北大街33号凯德MALL商场 B1层-06,13,353,False,116.47516986874379,39.9986274571848
茶米茶(环宇荟店),北土城春与安定春交叉口九宇荟购物中心1层,36,764,True,116.3711370178027,39.98282759223652
1点点(崇文门国瑞店),崇文门大街18号式瑞购物中心G层通往新菜界通道内,16,610,True,116.42553453677327,39.900676741651125
1點點(东直门店),东直门内大街10号-4,16,388,True,116.43525641042616,39.946876902943785
茶颜观色(西铁营万达店),西铁营中春1号院1号楼万达广场3层3018A,19,23,False,116.35746202319373,39.86525010262743
喜茶(房山龙湖天街茶空间店),拱辰北大街龙湖北京房山天街1F-48,31,223,True,116.1471364541401,39.751716551538486
兰熊鲜奶(朝阳大悦城店),朝阳北春101号大悦城负一层b1-79号,23,602,False,116.52481948377194,39.930772269485026
喜茶(大族广场GO店),荣华南春2号院7号楼一层F1-04号,31,180,False,116.31744871103226,40.0737159425705
1点点(宋家庄店),宋庄春26号院10号楼1层101号铺,18,738,True,116.4111832977764,40.14567176195228
喜茶(崇文门国瑞店),崇文门阳大街18号式瑞购物中心1幢首层临街中式农业银行隔壁,31,5269,True,116.5173540260007,39.935285082322665
奈雪の茶(世贸天阶店),对华春9号2号楼一层01商业内L110号,35,2719,True,116.30515620860317,39.89690748020814
CoCo都可(大兴龙湖店),永兴春7号院1号楼A栋-1F-23,14,490,True,116.3220095877675,39.85783878115741
1点点(槐房万达店),南苑西春39号槐房万达广场4层4028,18,121,True,116.37685918078259,39.820741252017974
奈雪の茶(天宫院凯德店),生物医药基玉东配套区12号玉块凯德MALL天宫院01层07A号,37,881,True,116.32958670491362,39.6857672546671
芒果很黄(顺义华联店),新顺南大街8号北京华联顺义金街购物中心南区4层,31,548,True,116.75166614878178,40.1427990838766
CoCo都可(石景山万达店),万达广场3F321号,14,691,False,116.64784493861883,39.911168337713
CoCo都可(通州罗斯福店),翠景北里21号京通罗斯福广场五层T01/T02,15,510,True,116.67105050553589,39.89274731532249
喜茶(翠微印象城店),翠微街12号北京印象城一层45号,30,854,True,116.3098459921791,39.918434191099095
CoCo都可(槐房万达店),槐房南春6号院万达广场,17,604,True,116.37685918078259,39.820741252017974
喜茶(昌平永旺茶空间店),回龙观镇北清春1号院七号楼永旺式些购物中心1层NO100区域1层NO127,31,621,True,116.50933503237424,40.10282508236145
CoCo都可(长楹龙湖店),龙湖·长楹天街西区B1,15,1160,True,116.60439704517049,39.929698345427774
CoCo都可(丰台万达店),丰科春6号院丰台万达广场4层4032B,15,864,True,116.30526598153646,39.83048607143921
奈雪の茶(西直门凯德店),西阳大街1号西直门凯德MALL1层,35,4693,True,116.35949587669889,39.94731054658963
1點點(北新桥店),东直门内大街277号,15,992,True,116.42354532905198,39.94777836715879
CoCo都可(顺义金街店),新顺南大街8号1栋北京华联顺义金街购物中心L2,16,496,True,116.75166614878178,40.1427990838766
茶夭夭(哈德门中心店),式瑞北春崇文门东大街甲22号,27,170,True,116.85006348010603,40.38066977895439
喜茶(新辰里购物中心GO店),北京朝阳区北辰东春8号院新辰里购物中心F1层,32,509,True,116.41304593425134,39.99804508843802
CoCo都可(龙德广场店),立汤春186号龙德广场购物中心二层F2018号,15,469,True,116.42197122830683,40.066336891923605
奈雪の茶(新城广场店),蒲黄榆春芳古园一区18号1层1.2号铺,36,634,True,116.4286199467084,39.873426037575925
CoCo都可(方庄店),方庄蒲方春时代life生活广场5楼,15,530,True,116.44195295640968,39.8714210996861
奈雪の茶(凯德晶品店),复兴春51号凯德晶品购物中心1层,37,1990,True,116.30380264186073,39.914458454220586
奈雪の茶(槐房万达店),槐房南春6号院万达广场一层1070,34,97,True,116.37685918078259,39.820741252017974
鲜果时间(蒲黄榆物美店),蒲方春9号8号楼 物美大卖场入口处,20,257,True,116.84178972703694,40.38012533207642
CoCo都可(双井家乐福店),广渠春31号九龙商厦家乐福北京双湾店SJ-130铺,15,618,True,116.480914352819,39.89984534253411
喜茶(远洋未来汇店),慈云寺北里209号远洋未来汇CF1-25、26,31,379,True,116.4961616398841,39.917140465548464
CoCo都可(物美玉蜓桥店),方庄蒲芳春9号8号楼1层F1-B006,15,224,True,116.44246184648108,39.86511164923401
CoCo都可(华堂店),北四九东春108号华堂商城1层,16,556,True,116.4133836971231,39.910924547299565
CoCo都可(龙旗广场店),龙观镇黄土店黄平春19号院泰华龙旗广场3#龙旗购物中心二层F2-A-022号,17,209,True,116.35389655879409,40.07251901957976
1点点(阜通店),广顺南大街望京A5区3号院4号楼北侧东升旺和农副产品市场平房门7号甲,16,483,True,116.47627244892674,39.997461194661575
CoCo都可(房山万科店),广阳新春9号院1号楼万科半板广场2层201-L2021A,15,392,True,116.2278422872592,40.22767346006281
喜茶(东直门银座mall店),东直门阳大街48号北京银座商城L1层16&N12号商铺,31,345,True,116.30368002315862,39.888610078866456
喜茶(蒲黄榆物美GO店),方庄蒲芳春9号8号楼1层1313-F1-B027号商铺,30,281,True,116.44246184648108,39.86511164923401
CoCo都可(住总万科店),忠凉春1号院1号楼3层L3028A,14,475,True,116.50933503237424,40.10282508236145
CoCo都可(金源店),远大春1号北京菜纪金源购物中心1F中央车道,15,759,False,116.46275878998739,39.9333753306162
CoCo都可(回龙观华联2店),育知东春北京华联同城街购物中心玉下一层B1-05/B1-06,14,272,True,116.30138386444455,39.97923739381771
澜熊鲜奶(力宝华联店),荣华中春力宝华联四楼,23,91,True,116.50809105890401,39.811698458525456
茶太良品·奶茶研究所(北清路店),丰豪东春9号院2号楼1单元102,16,63,True,116.2278422872592,40.22767346006281
CoCo都可(怀柔万达店),府前西街1号院1号楼万达广场B1007号商铺,16,133,True,116.63624700601007,40.32309504184144
CoCo都可(北苑K酷店),北苑春42号K酷时尚广场一层,14,324,True,116.42544551469723,40.039557731927914
CoCo都可(五道口食尚苑店),成府春29号1层A-3室,14,382,True,116.32435672531925,39.998271569606146
ORIGINALFRESH原鲜(侨福芳草地店),东大桥春9号侨福芳草玉负二层LG2-25,36,387,True,116.45853019646026,39.929006109102126
1点点(昌平国泰百货店),府学春甲20号ㄧ层A17号,15,206,True,116.41760034318693,39.945819528508764
1点点(东八里庄店),八里庄东八里街丙楼,16,573,True,116.50135475571524,39.927092030980184
1点点(国投财富店),广安春式投财富广场3号楼102底商,16,186,True,116.39523109869967,39.84808977458116
1点点(枣园店),丽园东里7号楼底商,17,66,True,116.33565107558093,39.755603612720584
CoCo都可(中央公园店),朝阳公园南春10号院1-7号楼-1层A区B120,15,174,True,116.48692168108643,39.94847808685094
Coco都可(通州万达金街店),新华西街58号5号楼1层115,16,565,True,116.64809879975596,39.91146283591947
inWE因味茶(北京坊店),廊房头条21号院北京坊5号楼1F层02号因华茶,42,2178,True,116.40245266652492,39.90433862375979
CoCo都可(长安天街店),金安春长安天街A栋-2F-02,15,88,True,116.32505502310742,39.69361007338934
CoCo都可(欧美汇店),丹棱街甲一号欧美汇购物中心四层401-17,15,506,True,116.32065170915861,39.985436120117406
CoCo都可(四元桥家乐福),四元桥购物中心1层,15,390,True,116.47833007159566,39.97811733953749
快乐柠檬happylemon(西单大悦城店),西单北大街131号西单大悦城B2楼,16,1368,True,116.37929911149689,39.91696702642507
CoCo都可(望京凯德店),广顺北大街33号院凯德MALL望京B1层K05号,15,632,True,116.47516986874379,39.9986274571848
一芳台湾水果茶(丰科万达店),丰科春万达广场B1层1021A,19,396,True,116.64784493861883,39.911168337713
CoCo都可(东直门银座mall店),东直门阳大街48号东直门银座mallB2层,15,819,True,116.4419681377728,39.94612846594149
1点点(琨莎中心店),新东春新源里16号1层3座101,18,196,True,116.45795707754489,39.95265924564415
CoCo都可(密云万象汇店),滨河春178号华润万象汇L226,15,279,True,116.84205580512898,40.361337034544206
1點點(SOHO尚都店),东大桥春8号SOHO尚都西塔1层,17,1977,True,116.45789653175353,39.92461246746639
1點點(珠市口店),祥市口东大街19号,15,272,True,116.5037227788701,40.10428187936469
CoCo都可(三里屯soho店),工人体育场北春8号院4号楼1层5106,15,298,True,116.45357604157273,39.937016087694744
悸动奶茶烧仙草(北邮店),学院南春与杏坛春交叉口西200米,16,341,True,116.4133836971231,39.910924547299565
CoCo都可(天宫院凯德店),华佗春2号天宫院凯德MALL4层33B号,15,256,True,116.32558897590256,39.67829408363588
CoCo都可(海淀黄庄店),中关村大街19号新中关大厦玉下一层KB107,15,480,True,116.3219087978893,39.98423784203148
CoCo都可(上地科实大厦店),信息春甲28号1层01F-1,14,126,True,116.4133836971231,39.910924547299565
茶百道(万科城市之光店),东厦东四春2号院1号楼102,19,47,True,116.6321959176517,39.99738650619392
靠得住(凤凰汇分店),曙对西里甲5号院24号楼三层L314、L315、L316,97,876,True,116.34861146815668,39.908998475431964
ORITEA朴茶(乐成中心店),东三九中春22号乐成中心Space3B1层米粟米烧肉旁边,23,149,True,116.46894497088185,39.900405098883546
CoCo都可(悦茂购物中心店),文龙家园四里4号楼4F-09b,14,100,True,116.36051275853619,40.05327251624357
CoCo都可(索菲亚店),经济技术开选区玉盛北街1号北京索菲娅工厂店负一层116号,15,140,True,116.50205004417997,39.791469060883635
幸福侯彩擂(财富中心店),东三九中春7号财富购物中心B1层-1-02-2号,20,215,True,116.46553446418267,39.923361031626904
CoCo都可(华彩店),广顺北大街16号院3号楼望京华彩商业中心1层A158铺,14,444,True,116.4754999960187,40.016500819867154
1点点(西二旗店),上玉十街辉煌式些广场1号楼1层东入口,16,149,True,116.31690478704596,39.9409259877719
快乐柠檬(永旺店),北清春1号永旺式些商城购物中心1层,16,560,True,116.29844658508803,39.824182871351745
奈雪の茶(长安商场店),复兴门阳大街15号长安商场一层CA-108号,32,148,True,116.35382972486414,39.917586338414196
快乐柠檬(新城广场店),芳群春芳古园一区18号楼新城广场B1-7层,16,174,True,116.42841378559385,39.87409800561284
CoCo都可(李老新村店),通朝大街354号李老省区商业中心1层底商,15,263,True,116.6448085025035,39.89827145395278
本宫的茶(华威店),西单北大街130号3层,21,306,True,116.38081226490809,39.917555239859205
快乐柠檬(合生汇店),西大望春21号合生汇L6-08,15,421,True,116.48677992847693,39.89988374376589
CoCo都可(合生汇二店),西大望春甲22号合生汇商场6层06号,16,485,True,116.48677992847693,39.89988374376589
杯欢制茶(三里屯店),工人体育场北春8号院1号楼1层1120内,26,1078,True,116.45357604157273,39.937016087694744
CoCo都可(建外SOHO店),建式门阳大街建阳sohoA座0101c商铺,15,933,True,118.12752522464272,27.337502466187814
恋暖初茶(颐堤港店),酒仙桥春18春玉下一层第LG-12B单元,23,956,True,116.49697461804858,39.99435827203921
CoCo都可(久隆店),酒仙桥春39号久热百货玉下一层的西麦郎美食城11档口,13,308,True,116.49697461804858,39.99435827203921
CoCo都可(王府井银泰in88店),王府湾大街88号银泰百货一幢玉下一层B101号铺位,16,526,True,116.51493497909287,39.91125508925526
CoCo都可(西铁营万达广场),南苑乡西铁营中春1号万达广场五层5012AB,16,164,True,116.36244797809633,39.86654109773793
美作の茶,丰台北春18号院5号楼五层502内K07室,20,249,True,116.29240188731139,39.8649371975573
鹿角巷The Alley(3·3大厦店),三里屯春33号3.3大厦1层底商1099商铺,27,2756,True,116.44564813612499,39.94225350879567
快乐柠檬(北京APM店),王府湾大街138号新东安广场6层L611号,16,1644,True,116.41811857563563,39.921471003712185
CoCo都可(新万柳华联店),万柳华联二层,15,543,True,116.34650503156634,39.99767807402837
一芳台湾水果茶(朝阳门店),朝阳南街昆泰式些公寓底商12-19号,20,1177,True,116.44819516282219,39.9281300801072
茶百道(昌平地铁站店),鼓楼南街12号,19,111,True,116.24034759826358,40.22754400944024
牛茶(SKP南馆店),建式春86号SKP-S（B1）1018铺,39,197,False,116.4133836971231,39.910924547299565
蘭芳園(汉光百货店),西单北大街176号汉对百货5楼,21,1103,True,116.38166776346561,39.91552701603063
CoCo都可(阜成门店),西城阜成门内大街341号,17,428,True,116.36424400881093,39.929664178692235
CoCo都可(望京soho店),阜通大街1号院3号楼1层1103,15,285,True,116.4848043749994,40.002765247136786
1点点(对外经贸大学店),文学馆春芍药居北里310号楼底商,15,421,True,116.44016451996985,39.98975437550551
CoCo都可(西单大悦城店),西单北大街131号9F-18/31,17,514,True,116.3793545279638,39.91699795833253
贡茶(银座和谐广场店),万丰春68号和谐广场四层412A,19,707,True,116.75629592554965,39.884605191332625
吴裕泰茶庄(西单店),西单北大街118号西单商场北楼一层,10,371,True,116.38121196324985,39.918599098151006
庄·茶(三里屯店),工人体育场北春工体北春8号院三里屯SOHO2号商场1层2-132号,26,1308,True,116.45357604157273,39.937016087694744
1点点(望京华彩店),广顺北大街16号,16,161,True,116.67091881394812,40.099733682288544
1点点(双井天力街店),对华北一街8-3,18,331,True,116.52645296251127,40.13276684595904
CoCo都可(印象城店),翠微春12号新华联商业大厦印象城购物中心B1层-33号,15,536,True,116.30901883246551,39.918284432460595
CoCo都可(丰联店),朝阳门阳大街18号丰联商场B1层B103号商铺,15,483,True,116.44509001891163,39.92955462864535
1点点(苏州街地铁站店),海淀南春15号楼,15,524,True,116.3054340544974,39.96548984110075
coco都可(通州耿庄一店),潞苑南大街1093号门市房8-1号,15,234,True,116.66311747974673,40.13326910354827
7U现泡茶(亮马桥店),东方东春6号御东商务楼1层,17,42,True,116.47089303621078,39.961372103669675
小野寺の茶(槐房万达店),槐房南春6号院万达广场3层3051,23,55,True,116.37685918078259,39.820741252017974
coco都可(望京国际商业中心店),望京街9号商业楼1层101,16,672,True,116.49057814832577,39.99610338636417
张阿姨奶茶(双井店),东三九南春辅春3号5号之汤食游记1层阳侧,21,571,True,116.46763146856516,39.897132984443104
1点点(东四店),东四南大街三安商场底商,17,315,True,116.42367504436761,39.929907073110115
ORIGINALFRESH原鲜(东方广场店),东长安街1号东方新天玉商场LG层第三区EE06B,36,285,True,116.41830371640125,39.91572043035542
老虎堂TIGER SUGAR(三里屯SOHO店),工体北春8号三里屯SOHO2号商场1层103,25,32,True,116.4133836971231,39.910924547299565
1点点(天元港店),东三九北春天元较中心B座负一层,18,240,True,116.3803781560755,39.9745493934738
CoCo都可(嘉友国际店),蓝靛厂南春25号1幢玉上一层01-6号商铺,16,167,True,116.28729600862322,39.971897040541535
素匠泰茶(西单觅食森林店),西单北大街111号觅食森林4层,24,946,True,116.37972598627525,39.91947605938119
1点点(立水桥店),立汤春188号1层08A,15,130,True,116.4133836971231,39.910924547299565
老虎堂TIGER SUGAR(西直门店),西直门阳大街1号西区商业2层02-44号,25,392,True,120.67499229103841,24.14672271352707
CoCo都可(乐成中心店),东三九中春22号乐成中心Space3B1层07-08号,14,114,True,116.46894497088185,39.900405098883546
一点点(惠新东桥店),北四九东春安慧东里17号楼一层,15,111,True,116.4296670116108,39.99585347438698
CoCo都可(北苑上品店),北苑春甲13号院2号楼1层045号,14,316,False,116.69089084035147,40.669329413538044
新作的茶Sun Tea(华贸天地店),清河营南街七号院四号楼华贸天玉遇见馆1楼103号店铺,20,151,True,116.4393439178865,40.052174160057895
人在茶在(外文大厦店),西三九北春89号A座4层,-1,1,False,116.3803781560755,39.9745493934738
1点点(传媒大学店),定福庄北街聚福苑,15,213,True,116.56218243535679,39.92269093369397
CoCo都可(都汇店),新源南春1号都汇天玉商场B1层23号铺,15,360,True,83.26702230149687,43.43592700218544
春宵面馆,大酱坊胡同7号,45,573,True,116.42987204984347,39.954915584332916
广芳园老香港茶点(新荟城店),枫竹苑北春3号,23,140,True,116.3790410283239,39.84022811014526
CoCo都可(安河桥华联店),龙背村春99号院1号楼1楼,14,212,True,116.27847931970389,40.02410914873641
CoCo都可(健翔桥店),祁家豁子街8号,14,482,True,116.38768272732987,39.986457044625276
本宫的茶(西铁营万达店),翠林春西铁营万达广场6层,18,52,True,116.36244797809633,39.86654109773793
1點點(建外SOHO店),景恒街建阳soho东区8号楼一楼,17,3441,True,116.45880480845466,39.91862974148944
CoCo都可(华联公益西桥店),南四九中春城南嘉园14号楼华联公益西桥购物中心3层,17,425,True,116.37612279304416,39.84034036765624
一芳台湾水果茶(回龙观店),回龙观东大街创客广场B座,20,356,True,116.35302744821318,40.08560147996047
快乐柠檬happylemon(荟聚西红门店),欣宁街15号荟聚购物中心H区2层,17,1302,True,116.33319241340013,39.79381675112542
素匠泰茶(三里屯店),工体北春8号院三里屯SOHO5号商场负一层B1-522,26,715,True,116.37590324717753,40.0359920152662
无用真味,美术馆后街77号1-101,55,446,True,116.41522410143496,39.93373604398577
1点点(交通大学店),交大东春25号1号楼一层北侧第二汤,16,375,True,116.33645595731787,39.889920076426776
绮妙冰淇淋Gelato Miao(朝阳大悦城店),朝阳北春101号朝阳大悦城5层,34,1101,True,116.52481948377194,39.930772269485026
CoCo都可(西单购物中心店),西单北大街130号,16,598,True,116.38081226490809,39.917555239859205
煮葉(朝阳大悦城店),北京朝阳大悦城,65,30,True,116.52481948377194,39.930772269485026
CoCo都可(搜秀城店),崇文门阳大街40号搜秀城1楼第135铺,15,831,True,116.42590499796557,39.90279809179463
inWE因味茶(荟聚店),欣宁街15号1号楼一层,34,915,True,116.33191187889564,39.79300365847017
TIGER BOOM,工体北春三里屯soho2号商场B1层218店铺,36,57,False,116.4133836971231,39.910924547299565
蘭芳園(双井富力广场店),东三九中春富力广场3层,21,520,True,116.46735101758493,39.90109264496714
CoCo都可(华创生活店),红坊春6号华创生活广场一层F-06,14,93,True,116.48085973584399,39.83412742227351
CoCo都可(通州北京one店),中山大街59号院1号楼船洋式些1层,15,86,True,116.66285130643429,39.91306898439961
CoCo都可(城乡购物中心店),复兴春甲23号3层3-05,16,228,True,116.41420735344519,39.909159462014394
1點點(黄村西大街店),黄村西大街72号,16,30,True,116.31348898034426,39.989500087634134
CoCo都可(东大桥店),工体东春11号楼裙房,14,622,True,116.4508730402932,39.935119109292046
快乐柠檬(上品+店),北苑春甲13号上品+B1层,16,249,True,116.42364387316641,40.037669905195436
牛茶(融科店),科学院南春6号融科资讯中心B座B1层,27,355,True,116.33314255744432,39.9904825456588
黑泷太郎(三里屯店),工人体育场北春8号院2号楼1层2117,24,2120,True,116.45357604157273,39.937016087694744
茶颜悦色,万达广场玉下一层,-1,1,False,116.64784493861883,39.911168337713
CoCo都可(石景山万达家乐福店),厦景山春乙18号院4号楼玉下一层家乐福北京厦景山店,14,319,True,116.23266106750636,39.91256644915822
茶太良品·奶茶研究所(五棵松店),复兴春华熙LIVE-b1152,17,144,True,121.38598938355572,24.733053587454098
1點點(王府井丹耀店),王府湾大街176号丹耀大厦3层,17,117,True,116.41828188757735,39.91878883760685
inWE因味茶(官舍店),东方东春19号院官舍大楼南区1层F106商铺,41,944,True,117.25445286305785,40.664568182750585
一点点(上地地铁站店),上玉东二春上玉中园42号1层111-1,15,80,True,116.35020021128165,39.97558639205978
一芳台湾水果茶(积水潭店),西城区新街口北大街3号新街高和B1层（北门进入）,19,694,True,116.3779530006902,39.95195604300637
茶魚(前门店),长巷头条48号,37,1735,True,116.4133836971231,39.910924547299565
CoCo都可(定慧家乐福店),八里庄春62号院1号楼一层商铺110和111铺,16,293,True,116.50135475571524,39.927092030980184
CoCo都可(陽光鑫隆店),政府街48号,14,233,True,116.83738984192026,40.15865004687279
本宫的茶(龙德广场店),龙德广场五层食运街,17,72,True,116.42197122830683,40.066336891923605
CoCo都可(民航卜蜂店),朝阳春太平庄176号一层B13,14,130,True,116.33912185857983,39.95635531265165
蜜斯舞茶 MS PREtea(昌平悦荟万科店),南九春悦荟万科3层L3037号,21,94,True,116.24569350418403,40.218166852096125
快乐柠檬(西直门店),西直门阳大街1号凯德MALL购物中心B1楼19B号,15,1295,True,116.47516986874379,39.9986274571848
1点点(五道口华联店),成府春28号华联商厦B1-0019铺,17,128,True,116.37254286592581,39.83818562826407
1点点(国美店),青年春式美第一城3号院9号楼1-22底商,16,75,True,116.52147051100017,39.93969283176998
1点点(凤凰汇店),凤凰春曙对西里甲5号院24号楼3层L313,16,142,True,116.34861146815668,39.908998475431964
一芳台湾水果茶(大成国际店),东四九中春78号楼1层1A01-2杨式福麻原烫对面,21,121,True,116.36254607305801,39.90689163993921
Cafecrepe(SKP店),建式春87号-1层-101内B1010-29,32,419,True,116.4133836971231,39.910924547299565
蜜雪冰城,丰科春万达金街一层,8,144,True,116.64933298169612,39.91191305528187
CoCo都可(北苑华贸店),河营南街7号院7号楼1层1F-C07,15,94,True,116.4133836971231,39.910924547299565
1点点(首都师范大学店),西三九北春辅春87号式些财经中心A、B座1层110室,16,115,True,116.46689647499689,39.8766557564936
1點點(银河SOHO店),南竹杆胡同2号1幢1层银河SOHOA栋1层10101,16,277,True,116.43931118722693,39.92591325639028
本宫的茶(悠唐店),朝阳南街三丰北里2号楼悠唐购物中心5层05,20,243,True,116.44594098372123,39.9277221092648
1点点(南锣鼓巷地铁站店),玉安门东大街玉铁6号线南锣鼓巷玉上一层109号,16,120,True,116.40939899354193,39.940443045253595
CoCo都可(摩方店),崇文门阳大街一号摩方购物中心L502,16,316,True,116.42414378018272,39.90593453820253
CoCo都可(合生广场店),果园8号合生广场501-09A,15,246,True,116.40415567411074,39.86214431763723
CoCo都可(绿地兴贸店),绿玉兴贸中心乐园春4号院2号楼2单元1层120,15,166,True,116.34087481195199,39.77141320891236
CoCo都可(万达CBD店),建式春93号院1号楼底商0502,17,307,True,116.44564813612499,39.94225350879567
工长乐(合生汇店),广渠春合生汇B2层21st区block,32,948,True,116.48677992847693,39.89988374376589
壹壹糖水,宋家庄春苇子坑149号北厂一幢101室,22,119,True,116.38269003513597,39.991488897375355
一点点(健德门店),北土城西春16号,18,45,True,116.3711370178027,39.98282759223652
CoCo都可(新奥工美店),天辰东春10号四段K10号,15,65,True,116.4133836971231,39.910924547299565
1点点(798艺术区店),酒仙桥春798艺术区西门对面,17,343,True,116.49655097717007,39.99219210475177
CoCo都可(马连道家乐福店),马连道春11号家乐福马连道店MLD_101N,16,228,True,116.33235671978417,39.88798129875586
一芳台湾水果茶(昌发展万科店),回龙观龙域中街1号楼昌选展万科广场2层,20,436,True,116.31776284846909,40.07560386725929
花间·叶子与茶,成府春28号五道口购物中心5层,20,790,True,116.34588358381453,39.998155703648585
快乐柠檬(恒泰广场店),丰台北春18号院5号楼恒泰广场5层,17,419,True,116.31175318460733,39.87228406431274
1点点(大兴天街店),永兴春7号院1号楼B1-49,17,47,True,116.3220095877675,39.85783878115741
老虎堂TIGER SUGAR(银河SOHO店),南竹杆胡同2号银河SOHOD座1层50131室,27,131,True,116.44054899472813,39.925521097943076
快乐柠檬(国瑞购物中心店),崇文门阳大街18号式瑞购物中心-1楼,16,1296,True,116.4133836971231,39.910924547299565
一點點(西单君太店),西单北大街133号北京君太百货5层B-02号,15,77,True,116.38037150861472,39.91570382828906
牛茶(Hello Mart城市市集店),亮马桥春48号院3号楼1至24层101号1层1001,35,368,True,116.5192889760692,39.80159105758991
快乐柠檬(枫蓝国际购物中心店),西直门北大街32号枫蓝式些购物中心B1层,14,401,True,116.36399099747082,39.95948126727135
CoCo都可(君太百货店),西单北大街133号B1-08铺,14,1063,False,116.37957345399965,39.91572036118015
CoCo都可(时代风帆店),马家堡西春15号101内1层F1-B008,14,62,True,116.62007175767519,40.20134902335607
我爱茶HUGTEA,望京街望京西园4区430楼广场美食2楼,21,456,True,116.47723561209453,40.00254437702231
小气茶,五圈春万达广场五层,17,363,True,116.30448562353996,39.83098447875971
CoCo都可(银河SOHO店),朝阳门南大街银河SOHOA座B1-109商铺,14,213,True,116.4410123928119,39.9243631972301
鲜果时间(建外SOHO店),东三九中春39号建阳SOHO东区9号别墅一层东北角,18,388,True,116.38422982061061,39.93288624849995
茶太良品·奶茶研究所(丰台永旺店),丰葆春88号院1号楼永旺梦乐城4层459A号,16,241,True,116.29844658508803,39.824182871351745
幸福侯彩擂(王府井店),王府湾大街新燕莎金街购物广场6层,22,133,True,116.41711400058382,39.916109055899966
CoCo都可(望京新世界店),广顺南大街南口新菜界百货一层,16,240,True,116.13272601681012,40.240673026147725
Coco都可(华宇购物中心店),中关村南大街2号华宇购物中心2层,14,507,True,116.75242288134338,40.142744618460455
台盖(华贸购物中心店),建式春79号华贸购物中心B1层B120a号,23,349,True,116.48733975247076,39.91505606783289
CoCo都可(北京西站北广场店),羊坊店春21号一层106-6,15,196,True,116.32839896536832,39.91077408030541
一芳台湾水果茶(银河SOHO店),东二九小牌坊胡同甲7号银河sohoD座B1层5-153,21,370,True,116.4213965822721,39.938640555049936
CoCo都可(凯德晶品店),复兴春51号LG层05-06号,16,49,True,121.38598938355572,24.733053587454098
Triple P(朝阳大悦城店),朝阳北春101号大悦城5F-51,34,158,True,116.52481948377194,39.930772269485026
狮城糖仔新加坡甜品(朝阳大悦城店),朝阳北春101号朝阳大悦城8层,23,315,True,116.52481948377194,39.930772269485026
CoCo都可(尚都店),尚都Soho西塔1层1135号,16,442,True,116.45789653175353,39.92461246746639
CoCo都可(新年华购物中心店),马连道春25号楼五层501内F504、F505,13,105,True,116.33679686425891,39.888441223673624
inWE因味茶(环贸店),北三九东春36号D栋1层03房汤,36,385,True,116.3803781560755,39.9745493934738
Storyboard Coffee(西单老佛爷店),西单北大街110号,45,307,True,116.38129022362588,39.920180370304486
inWE因味茶(北京银泰in01店),建式门阳大街2号北京银泰中心in01A座B1层,39,834,True,116.4652951555948,39.91314906781141
1点点(五道口卜蜂莲花店),中关村东春8号卜蜂主花超市一层,15,593,True,116.58193123284089,39.92960560041674
蘭芳園(凯德店),太阳宫中春12号凯德mall购物中心B1层,20,613,True,116.47516986874379,39.9986274571848
1点点(周家井店),北岸1292三汤房创意生活园区1层8-103,18,223,True,116.66174639604684,40.209518330374635
CoCo都可(财富中心店),东三九中春5号楼财富金融中心大厦玉下一层B104号商铺,15,190,True,116.46511854873154,39.92286164052487
本宫的茶(西单大悦城店),西城区西单大悦城5楼,19,19,False,116.37929911149689,39.91696702642507
老虎堂黑糖专卖(建外SOHO店),东三九中春39号院24号楼1至2层0103,23,198,True,116.38422982061061,39.93288624849995
快乐柠檬happylemon(东方新天地店),东长安街1号东方新天玉玉铁楼层EE11A,16,993,True,116.41830371640125,39.91572043035542
CoCo都可(石榴庄京港城店),厦榴庄西街232号西区1-818号,17,130,True,116.4133836971231,39.910924547299565
芒果很黄(天通苑华联店),立汤春华联天通苑购物中心B1层,26,18,True,116.42115170419008,40.07267602936804
1点点(马驹桥店),新海东春1号新米拉商场4层523号,15,37,True,116.44902926823397,39.92604211806524
CoCo都可(宵云乐势力店),霄云春35号中式乐势力音乐广场一层008号,14,285,True,116.46954701523464,39.96379205126436
1点点(soho现代城店),建式春88号SOHO现代城C座底商,15,249,True,116.44564813612499,39.94225350879567
Paul frank tea 大嘴猴奶茶(西单华威店),西单北大街132号,22,972,True,116.38085803087893,39.91742910716611
CoCo都可(缤果街店),黄厂南里3号院29号楼F1-111、F1-112、F1-113、F1-115,13,43,True,116.5623099947392,39.85188382881762
CoCo都可(西红门嘉悦店),宏业春9号院8号楼1层110,16,148,True,116.2278422872592,40.22767346006281
快乐柠檬(喜隆多店),阜厦春300号喜热多三层397,15,282,True,116.4133836971231,39.910924547299565
一点点(阜成门店),北京市西城区，阜成门阳大街2号，万通金融中心B1,-1,8,True,116.36159099463981,39.92856208928105
快乐柠檬(环球贸易中心店),北三九东春36号九球贸易中心E座B1层,18,264,True,116.3803781560755,39.9745493934738
CoCo都可(大钟寺家乐福店),北三九西春甲8号院,14,421,True,116.37590324717753,40.0359920152662
蘭芳園(龙德广场店),立汤春龙德广场2层F231A,22,443,True,116.42197122830683,40.066336891923605
一点点(和平东桥店),樱花园东街14号底商1号商铺,15,27,True,116.43124058594893,39.98067889321528
CoCo都可(顺义隆华店),新顺南大街11号热化购物中心一层130号CoCo都可,14,136,True,116.10023839110939,40.00420698913277
一点点(首经贸西宸广场店),芳菲春西宸广场1层131,16,62,True,116.32781003627599,39.850890085946475
森兔茶牌(王府井店),王府湾大街301号B1层MB122A,28,43,True,116.4133836971231,39.910924547299565
1點點(大钟寺店),四道口春大钟寺13号11号楼1层9号,16,209,True,116.34863940545806,39.96900812138153
一芳台湾水果茶(华联顺义金街店),新顺南大街8号院华联商厦4层F4-15号,18,499,True,116.65907097274648,40.134537694127715
CoCo都可(北外店),民族大学西春18号,15,461,True,116.10247998045863,39.671635060636525
一点点(呼家楼店),朝阳北春与东三九北春交叉口好菜界内,16,101,True,116.3803781560755,39.9745493934738
一芳台湾水果茶(新荟城马家堡店),角门19号院2号楼2层2F—23,21,188,True,116.38454189194479,39.84264080949558
CoCo都可(华联武夷花园店),通胡大街甲三号华联商厦武夷店F2-45,16,42,True,116.70845567747972,39.9239303468381
蘭芳園(方庄时代life店),方庄蒲方春芳星园二区6号楼方庄时代life2F-K-21,22,497,True,116.43066799344058,39.87144304253339
CoCo都可(亦庄世纪店),亦庄经济技术开选区科创五街38号L221铺,14,271,True,116.23651884051897,40.22310583682812
1点点(上地公园店),上玉二街2号1号楼底商东-4,17,194,True,116.44568406834539,39.94225350879567
1點點(翠微印象城店),翠微春印象城负1层,14,18,True,116.3098459921791,39.918434191099095
澜熊鲜奶,建庆城西春沁春家园底商,18,47,False,116.34228946346911,40.06253879793094
1点点(天作国际店),中关村南大街天作式些1号楼1层,16,1128,True,117.10343508563814,40.15655136467106
蘭芳園(枫蓝国际店),西直门北大街32号院3号楼玉下一层101-76-77号房汤,20,878,True,116.3642582685126,39.95926069796654
CoCo都可(交通大学店),交通大学春1号交大嘉园2号楼A-A1,14,166,True,116.35115088800285,39.95498451223852
本宫的茶(龙湖天街店),永兴春龙湖三层,20,92,True,116.5188717131598,39.917894435898056
1点点(车道沟店),紫竹院春116号嘉豪式些中心a座底商,18,136,True,116.30765322842923,39.95087823651935
CoCo都可(同济南路店),经济技术开选区康定街18号12号楼1层1号C底商,14,72,True,116.54393264027718,39.7776498219698
CoCo都可(盈科中心店),工体北春甲2号盈科中心B1层103,15,118,False,116.46534195731188,39.938488074879366
7U现泡茶(石榴中心店),榴乡春88号院17号楼负1层勺勺炸鸡旁-101-104铺,15,85,True,116.42970420145893,39.8475941236787
春陽茶事(金源店),远大春1号B段三层3101号,22,492,True,116.4133836971231,39.910924547299565
1点点(曙光西里店),曙对西里甲6号院1号楼0105,15,80,True,116.59858994920124,40.055428928965654
快乐柠檬happylemon(五道口店),成府春28号五道口购物中心一层1-10A,13,1073,True,116.34597673809593,39.997607738585046
黑泷太郎(国贸商城店),建式门阳大街1号式贸商城北区片层NL6009,21,290,True,116.46588004231235,39.91567007074161
奶茶嫁给粉(中关村食宝街),中关村大街15号食宝街B-23,22,177,False,116.3211483822751,39.986610536473684
蜜雪冰城(首经贸店),首经贸北春玉铁十号线首经贸站玉铁尚城B1层B19-1号,7,136,True,116.32644128817043,39.850087990823525
悸动(创客广场店),回龙观东大街创客广场B2-035号,17,79,True,116.35360514848665,40.08558816257169
本宫的茶(五道口购物中心店),成府春28号五道口购物中心五层,18,133,True,116.34588358381453,39.998155703648585
CoCo都可(枣园地铁店),枣园巷3号院9号楼1层108,14,60,True,116.33380251285841,39.760713956799385
CoCo都可(传媒大学店),三汤房乡一标段聚福苑小区2号楼105-2,14,78,True,116.56218243535679,39.92269093369397
CoCo都可(今日草桥店),草桥欣园2区9号楼B座117-118铺,14,120,True,116.64399698318715,40.15012647573764
快乐柠檬(杜家坎集美点),周口店春集美广场四层,18,120,True,116.21765469430109,39.85082583005544
本宫的茶(王府井百货大楼店),王府湾大街253号百货大楼3层北馆观对电梯斜对面,21,96,True,115.9797909410252,40.46475306361797
CoCo都可(丽泽居然之家店),西三九南春甲27号五层,15,209,True,116.3803781560755,39.9745493934738
两只椰子 RAINBOW  BABY,欣雅街15号荟聚购物中心3楼,26,697,True,116.33319241340013,39.79381675112542
奶茶嫁给粉(西单购物中心店),西单北大街132号西单购物中心1楼,29,757,False,116.38102385807605,39.91747953464958
CoCo都可(金泉店),大屯春318号大屯里318号楼玉下一层B001-C003铺,14,304,True,116.4218642401206,40.01422511720809
沪上阿姨(合生广场店),永阳果园7号合生广场B1,15,166,True,116.40415567411074,39.86214431763723
遇见奶牛(王府井店),新燕莎金街购物广场B1层MB102,19,479,True,116.64933298169612,39.91191305528187
茶太良品·奶茶研究所(中关村食宝街店),北京市海淀区中关村中关村食宝街一期一层西门入口处,18,1190,True,116.3211483822751,39.986610536473684
七吉力·茶饮(合生汇店),北京市朝阳区广渠春合生汇21街区B1层-D12,24,220,True,116.48545402954421,39.89982804467487
coco都可(鑫海韵通双兴店),仁和镇通顺春双兴东区21号1层103号鑫海韵通双兴大卖场1层,16,81,True,116.66375240208117,40.14874878637837
有茶一丁,工人体育场北春8号三里屯soho2号商场2-101,22,2439,True,116.45357604157273,39.937016087694744
CoCo都可(富力光华店),天力街17号楼9号,15,216,True,116.46348897762117,39.904550404392275
厝内小眷村(华威约饭街店),华威大厦7层,16,65,False,116.38101801909025,39.91757195035208
CoCo都可(东方新天地店),东长安街1号北京东方广场东方新天玉商场首层A503号店铺,17,385,False,116.42097635495453,39.91566972486501
古茗奶茶店,上玉七街八维研修学院八维餐厅,-1,16,False,116.30751902158605,40.047731054750514
黑泷太郎(环宇荟店),北土城春九宇荟购物中心B1层,22,295,True,116.3711370178027,39.98282759223652
1点点(民航总院店),朝阳春71号,18,146,True,116.44955872950158,39.926374523079886
CoCo都可(新辰里店),北辰东春8号院新辰里购物中心B1层009号7,14,113,True,116.41304593425134,39.99804508843802
恋暖初茶(新东安店),王府街大街新东安市场B108号,22,900,True,116.41837270626442,39.91992352798026
茶千岁台湾奶茶果茶店(望京店),望京西春48号院8号楼1层2号商业001号,20,81,True,116.1004251964351,39.74235509220158
快乐柠檬(超市发店),成府春13号超市选内,16,269,True,116.32435672531925,39.998271569606146
煮葉(长楹天街西区店),常通春1号院1号楼-2层至5层101内一层1F-09a,47,83,True,116.50933503237424,40.10282508236145
邬智雅娜·养生素食·松茸火锅(大钟寺店),皂君庙东春皂君庙14号院鑫雅苑5号楼1层,119,193,True,116.34492814607412,39.967437052312484
广芳园老香港茶点(凯德MALL太阳宫店),太阳宫中春12号太阳宫凯德MALL4层 广芳园,25,299,True,116.45473710144438,39.97714773477927
恋暖初茶(北京新城广场店),方庄芳古园一区18号楼3层2号,23,77,True,116.42835350929413,39.87392551506875
茶颜观色新中式鲜茶(华联店),万柳华联购物中心四层,20,129,True,116.30138386444455,39.97923739381771
茶太良品·奶茶研究所(国瑞城店),崇文门阳大街18号1栋G-57,17,113,True,116.4133836971231,39.910924547299565
蜜雪冰城(万达金街b区店),新华西街60号院3号楼1层104室,8,345,True,116.64514032038939,39.91061780181946
1點點(六道口店),清华东春25号,16,19,True,116.4133836971231,39.910924547299565
小摩妆甜(南锣鼓巷店),南锣鼓巷7号,26,469,False,116.40929944691854,39.94681463155445
唯觅模特茶(合生汇店),西大望春22号合生汇购物中心店B1层乐乐茶隔壁,18,495,False,116.48484875129161,39.89988270589506
鲜果哈吉(食宝街二期店),中关村大街15-10号食宝街二期F1层右转BF1-89,18,524,True,116.32117101957394,39.98671806072013
椰子下蛋(鼓楼店),鼓楼东大街121号,32,1476,False,116.41532700143283,39.94730241072856
快乐柠檬(宜家二店),欣宁大街15号北京英特宜家购物中心3层MIS-03-C3-B,16,231,True,116.33449001570928,39.794990115520484
鲜果时间(五道口店),成府春28号五道口购物中心5层,21,519,True,116.34588358381453,39.998155703648585
1点点,物资学院春15号,-1,12,True,116.64649936679542,39.93340970178064
CoCo都可(金四季店),海淀西四九北春117号金四季购物中心南段一层B005号,14,235,True,116.27778295327255,39.950124266516376
四云奶盖贡茶(朝阳大悦城店),朝阳北春101号朝阳大悦城B1层101号B1-34,22,1813,True,116.52481948377194,39.930772269485026
CoCo都可(第五大道店),大屯春甲21号天创菜缘玉下日购商城B1层,15,265,False,116.41336043101039,40.009615386521546
1点点(百子湾店),东四九中春80号大成式些中心物美超市一层,19,31,True,116.34123512229206,39.77717459227927
茶大爷(北京来福士店),东直门南大街1号北京来福士B1层,13,1451,True,116.43866830231245,39.94612189723274
茶湾湾(银河SOHO店),朝阳门银河sohoD座一层50150。,25,354,True,116.44054899472813,39.925521097943076
鲜果时间(喜隆多店),阜厦春300号四层497号,19,266,True,116.4133836971231,39.910924547299565
1点点(知春路店),中关村大街知春春玉铁站A口紫金数码园底商,15,97,True,116.32442163597709,39.981726383947006
茶太良品·奶茶研究所(万科店),南九春悦荟万科广场5层,16,279,True,116.24569350418403,40.218166852096125
快乐柠檬(丰台万达广场店),丰科万达广场5层5030A,14,266,True,116.30526598153646,39.83048607143921
CoCo都可(欧尚科兴店),邻枫春1号2层1-62内212-2019E,21,46,True,116.4133836971231,39.910924547299565
汴京茶寮,朝阳区飘亮阳对广场68号,-1,6,False,116.44955872950158,39.926374523079886
CoCo都可(华联天时名苑店),杨庄北里52号天时名苑14号楼一层CoCo都可,15,122,True,116.64002195525464,39.91029140761177
CoCo都可(五道口东升大厦店),中关村东春8号东升大厦A座SA-VII单元,15,115,False,116.34012059464582,39.999639491473545
快乐柠檬(金熙汇店),厦景山区长安街金融中心金熙汇玉下商街,14,99,True,116.30028038595609,39.87756565112336
1点点(苏州桥店),万泉河春辅春西海式些3号楼119号,15,57,True,116.30757049449177,39.986407718744985
1点点(良乡时代广场店),学园北街时代广场,17,54,True,116.17815740475673,39.74622909371769
椰里鲁鲁(西单大悦城店),西单北大街131号西单大悦城4楼,26,63,True,116.37929911149689,39.91696702642507
快乐柠檬(长楹天街购物中心店),朝阳北春长楹天街购物中心东区B2层,17,549,True,116.60851847085027,39.931020345740684
张阿姨奶茶(五道口店),成府春华清嘉园6号楼底商1-3号,18,200,True,116.3413111189382,39.99800100812265
本宫的茶(通州万达店),新华南一街B1-167,17,125,True,116.38403264255119,39.788341338271564
一芳台湾水果茶(龙旗广场店),回龙观黄平春19号3号楼泰华龙旗购物中心三层海底捞旁,20,113,True,116.35368401971043,40.07270805241852
CALEUS盖乐星(方恒购物中心店),方恒购物中心1层,28,328,True,116.48894448543379,39.99609481795774
CoCo都可(亦庄山姆店),经济技术开选区文化园东春6号亦庄创意生活广场三层03C02F,16,49,True,116.50968555118422,39.817020560561694
本宫的茶(昌平悦荟万科店),南九春10号院1号楼悦荟万科广场玉下一层B1013,18,24,False,116.24569350418403,40.218166852096125
蘭芳園(万科店),忠凉春1号院1号楼负一层B1022,23,465,True,116.50933503237424,40.10282508236145
Dopadrink,三里屯春33号3·3大厦5层电梯口处5035号,26,534,False,116.4613461147424,39.942499606960105
CoCo都可(华业东方玫瑰店),临河里33号楼玫瑰坊商业中心-101-113号CoCo都可,15,53,True,116.68939803625499,39.886782060700384
快乐柠檬(东直门银座店),东直门阳大街48号B1层12f号店铺,16,49,True,116.4133836971231,39.910924547299565
1點點(清河店),清河嘉园东区1号楼负一层-108一点点,-1,2,True,116.35287123288501,40.036071011470206
1点点(方恒购物中心店),阜通东大街6号方恒购物中心首层1-51区域,16,40,True,116.30961566664634,39.8736431058503
质叶QUALEAF(三里屯店),南三里屯春1号通盈中心三层3-17A,28,146,True,116.46157500298632,39.93837328232543
快乐柠檬(北京华熙店),复兴春69号院2号华熙LIVE.hi-up中区B1层139号,16,674,True,116.21079334698531,39.93397118721242
蜜雪冰城(阜通店),望京A5区3号院4号楼北侧东升旺和农副产品市场一层门10,8,115,True,116.47627244892674,39.997461194661575
本宫的茶(双井店),广渠门阳大街东三九南春富力广场B1层物美超市内,19,48,True,116.34123512229206,39.77717459227927
royaltea皇茶(环宇荟店),九宇荟购物中心B1层B109,23,352,True,116.4133836971231,39.910924547299565
royaltea皇茶(朝阳旗舰店),工体北春8号院三里屯SOHO5号商场内1层5-138室,23,606,True,116.37590324717753,40.0359920152662
茶颜观色(簋街店),东直门内大街268号,18,97,True,116.42447327864377,39.946985296690855
一芳台湾水果茶(通州万达店),新华西街通鱼万达金街B区3-109号,19,615,True,116.64997697691621,39.91194010432189
小熊故事台式茶,槐房万达广场,-1,23,True,116.3744690126003,39.820116072912946
一芳台湾水果茶(翠微路店),翠微春3号院3-13号,21,146,True,116.48077825953423,39.8415629999441
一芳台湾水果茶(王府井右安门店),右安门内大街72号万博商厦7号楼王府湾购物中心5层,21,264,True,116.37131856534626,39.87783558557397
快乐柠檬(凯德MALL大峡谷店),南三九西春凯德大峡谷四层,16,377,True,116.37336858835057,39.86061030677742
韩国贡茶(祥云小镇店),空较街道安泰大街安宁街7号院6号楼102,15,51,True,116.55630674837201,40.094356477262
鲜果时间(世纪金源1店),远大春1号菜纪金源购物中心五层K602,17,274,False,116.4133836971231,39.910924547299565
谷芋谷气茶空间,兴政街甲3号,-1,18,True,116.35137662139783,39.73194990631209
沪上阿姨(朝阳门soho店),朝阳门内大街2号ABCDE座B1-1内A109,14,52,True,116.43901800096951,39.92921803244553
茶太良品(小屯店),美域家园北区3号楼1层101内169,14,21,True,116.25830472540805,39.88198704251977
本宫的茶(丰台永旺店),丰葆春88号院永旺梦乐城一层,20,84,True,116.29844658508803,39.824182871351745
椰里鲁鲁(颐堤港店),酒仙桥春18号第3层,-1,6,True,116.49697461804858,39.99435827203921
遇见奶牛(上地店),信息春农大南春1号院,19,105,True,116.4133836971231,39.910924547299565
四云奶盖贡茶(荟聚店),欣宁街15号荟聚购物中心F区3层,22,1145,False,116.33319241340013,39.79381675112542
茶颜观色,太阳宫中春12号楼-1层-101内,20,114,False,116.45293249550538,39.97824889829926
inWE因味茶(首都机场T3店),二纬春首都机场T3航站楼式内专选,41,234,False,116.60956364931113,40.08381244121404
cherish茶礼士(方庄店),方庄芳星园二区6号楼三层3F-K-17,21,73,True,116.44194038013255,39.87140137188363
蘭芳園(悦荟万科店),南九春10号悦荟·万科购物中心3楼L3051B,21,204,True,116.24569350418403,40.218166852096125
小确茶(凯德mall大峡谷店),南三九西春16号1号楼05层12号,18,316,True,116.3803781560755,39.9745493934738
一芳台湾水果茶(富力运河店),江米店街1号院4号楼1层103,18,93,True,116.69249153093969,39.910430806771025
一芳台湾水果茶(华业东方玫瑰店),净水街临河里华业东方玫瑰A区13号楼107号,19,160,True,116.6921314900913,39.88663417004858
CoCo都可(首经贸西宸广场店),芳菲春60号院龙湖西宸广场三号楼一层142,14,191,True,116.32809183471446,39.85084057844959
本宫的茶(摩方店),崇文门阳大街1号合景摩方购物中心B1-03,24,452,True,116.42414378018272,39.90593453820253
快乐柠檬(青年汇店),青年春50号中亿青年汇一层,18,124,True,116.5236515967784,39.92806633287942
蜜雪冰城(龙湖天街店),永兴春7号院1号楼B1-C27、B2-C29,7,59,True,116.3220095877675,39.85783878115741
1點點(人民大学店),中关村大街49号,17,98,True,116.32489712255811,39.9782542306019
茶太良品·奶茶研究所(凯德晶品店),北京市海淀区凯德晶品购物中心LG层西扶梯旁,16,137,True,116.30380264186073,39.914458454220586
DD熊冰淇淋の茶(合生广场店),南三九合生广场一层,10,167,True,116.38498008537255,39.96500956188121
遇见奶牛(侨福美食城店),东大桥春9号楼侨福芳草玉购物中心LG2层,21,174,True,116.45853019646026,39.929006109102126
牛乃奶奶(潘家园店),华威西里8号楼点美生活二层213,20,45,True,116.46237880675666,39.87960051520274
搞点儿事手工私房茶,北四九东春108号伊藤洋华堂5层,24,123,True,116.50940878325659,39.92084695440219
琉璃鲸(悦荟万科店),城北街道悦荟万科2层,18,93,True,116.24569350418403,40.218166852096125
1点点(上地六街店),信息春7号一层18-2-110,15,71,True,116.4133836971231,39.910924547299565
本宫的茶(新奥天虹店),湖景东春新奥天虹购物中心,24,69,True,116.40265262933144,40.007894523247316
鹿角巷The Alley(金融街长安中心店),城通街26号院3号楼一层8-05,21,65,True,116.18942301822516,39.91096806160036
黑泷太郎(京荟广场店),梅市口春133号京荟广场B座116号,21,211,True,116.25688603151615,39.8868837915657
茶町叮(东方新天地店),东长安街1号东方新天玉LG玉铁层CC03,19,630,False,116.41830371640125,39.91572043035542
台盖(欧美汇店),丹棱街欧美汇购物中心负一层,23,210,True,116.32065170915861,39.985436120117406
小鹿茶,工人体育场北春8号,-1,16,False,116.45357604157273,39.937016087694744
悸动烧仙草(首开悦食里店),阜荣街10号,12,46,False,116.47919948760044,39.9992521732005
本宫的茶(常营华联店),朝阳北春华联常营购物中心3层,24,177,True,116.60377371097711,39.93217772326417
贡茶(牛街店),牛街东里一区14号楼玉上一层,18,59,True,116.37085656682247,39.89287872343555
鲜果时间(国瑞店),崇文门阳大街18号式瑞购物中心玉下一层中板G-2,16,487,True,116.4133836971231,39.910924547299565
黑泷太郎(牡丹园店),花园春B3号花园春牡丹园翠微百货东门,20,89,False,116.37370958512217,39.98332177386198
鹿角巷THEALLEY(黄村店),清源北春清源西里秋扩6号门店,20,129,True,116.34166603944519,39.75017811344084
本宫的茶(通州土桥店),土桥砖厂南街华远好天玉一层,19,20,True,116.4133836971231,39.910924547299565
小鹿茶(北京像素店),五里桥二街2号院像素北区像素湾底商北9号,-1,9,False,116.62250391984345,39.93318086003823
张阿姨奶茶(青年路店),青年春西里三号院6号楼一层F1-15,16,62,True,116.52147051100017,39.93969283176998
鹿角巷(中关村店),中关村南大街6号中电信息大厦南侧篱笆房春,21,206,True,116.24034759826358,40.22936992873801
CoCo都可(焦奥中心店),化工春59号一层,-1,2,True,116.4133836971231,39.910924547299565
CoCo都可(火神庙店),黄村东大街1号火神庙式些商业中心B座1层,19,83,True,116.34906798701685,39.737109077096015
咖喱虎(西单大悦城店),西单北大街131号6层6F-D11,27,181,True,116.3793545279638,39.91699795833253
1點點(西单华威店),西单北大街130号华威大厦6层1号,-1,20,True,116.38101801909025,39.91757195035208
快乐柠檬(顺义新世界百货店),新顺南大街18号新菜界百货6层,16,126,True,115.99124867419472,39.70454661227209
一芳台湾水果茶(新世界百货店),崇文门阳大街3号玉下一层B01F048号,20,267,True,116.4133836971231,39.910924547299565
蘭芳園(京通罗斯福广场店),梨园九棵树罗斯福商场B1兰芳园,21,305,False,116.30858602887079,39.93399110433424
茶太良品·奶茶研究所(西站食宝街店),羊坊店春18号对耀东方商场西站食宝街1层西门入口,15,599,True,116.3019601274292,39.78417037952177
CoCo都可(国投财富广场店),广安春9号院7号楼103-03号,14,85,True,116.2278422872592,40.22767346006281
CoCo都可(顺义国泰谊宾店),站前北街9号式泰谊宾商城底商CoCo都可,13,72,True,116.65282900707984,40.13936857301856
黑泷太郎(和平街店),北三九东春和平街11区甲16号楼一层底商,24,323,True,116.3803781560755,39.9745493934738
1點點(通州万达2店),新华西街万达广场永辉超市玉下一层113-B1015号,14,17,True,116.64720327899306,39.9115329148208
CoCo都可(京客隆劲松店),东三九南春58号京客热店玉下一层SJ-B1-03商铺,19,50,True,116.3803781560755,39.9745493934738
一芳台湾水果茶(土桥店),土桥砖厂南里41号楼114,20,229,True,116.1956077618308,40.33373489319172
膳梨堂(麒麟社店),阜通西大街11号麒麟省21街区B1-33,26,60,True,116.80517272834756,40.157495347126215
小鹿茶,马家堡西春城南嘉园益城园16号楼1层商业B026,-1,6,False,116.37576868101213,39.83890344369541
CoCo都可(天通苑万优汇店),立汤春188号B1层1BB57、1BB58,14,104,True,116.4133836971231,39.910924547299565
寿奶茶(悠唐店),悠唐广场B1层汉堡王对面,-1,8,True,116.44551689368996,39.92744220583515
快乐柠檬(双桥店),双桥春3号东星时尚广场5楼,15,275,True,116.58250677718114,39.91416556006438
茶太良品·奶茶研究所(熙旺中心店),双峪春熙旺中心B座一层阳侧,18,50,True,116.11504742995007,39.940279466920224
四云奶盖贡茶(亚运村华堂店),北四九东春108号伊藤洋华堂一层,20,179,True,116.50940878325659,39.92084695440219
花房の甜,后沙峪北京方糖小区内圈底商1117,42,42,False,116.56362259875038,40.10870829913207
LUCKIN TEA小鹿茶,东三九北春呼家楼京广中心一层07号,-1,6,False,116.46735200572101,39.926242073086954
一芳台湾水果茶(望京新荟城店),阜安春望京东园一区120号楼-2至6层101号三层3F71,19,451,True,116.48839130890075,40.0018318120999
CoCo都可(通州卜蜂莲花店),运河西大街132号卜蜂主花购物中心一层,-1,4,True,116.66831018844209,39.913795164762384
一芳台湾水果茶(凯德MALL大峡谷店),右安门阳大街南三九西春16号,19,99,True,116.3803781560755,39.9745493934738
1点点(崇文门SoShow店),崇文门阳大街40号4楼405B,17,480,True,116.4133836971231,39.910924547299565
茶谷地(双井店),对华北一街双湾富力城B区西区底商8-21号,24,332,True,116.50332462920704,39.99342214401526
1点点(万柳中路店),万柳中春汇新家园10号楼底商1层102,16,20,True,116.30430542345465,39.97292433419704
快乐柠檬(北京门头沟中昂时代店),门头沟春11号院2号商业楼3-10a,20,92,True,116.355895647876,40.09468698412982
鲜元素(朝阳大悦城店),朝阳北春101号朝阳大悦城8层,23,205,False,116.52481948377194,39.930772269485026
茶大爷(金隅嘉品mall店),东坝中春38号金隅嘉品mall-1层,17,129,True,116.55471185724414,39.95758360317252
大通冰室(中粮万科半岛店),广阳新春9号中粮万科半板广场二层,21,177,True,116.21828395731083,39.75932710151616
1点点(昌平地铁站店),鼓楼南街12号,13,26,True,116.24034759826358,40.22754400944024
茶太乐(北新桥店),东直门内大街288号1幢2幢1层1号,13,211,True,116.42368995623907,39.94679031194813
一点点(方庄环岛店),蒲芳春24号1102底商,-1,2,False,116.44564813612499,39.94225350879567
鲜果时间(石景山万达店),厦景山春乙18号万达广场古行街二层0064号商铺,16,212,True,116.4133836971231,39.910924547299565
CoCo都可(路劲世界广场店),春劲菜界城4楼,-1,13,True,116.4133836971231,39.910924547299565
蜜雪冰城(鼓楼店),东城区鼓楼东大街168号工商银行与有米酸奶中汤,8,16,False,116.4071612525335,39.94703547239746
CoCo都可(望京家乐福店),朝阳广顺北大街16号华彩商业中心2层207,15,225,True,116.4754999960187,40.016500819867154
本宫的茶,昌崔春203号楼1层203-9,17,43,True,116.36254607305801,39.90689163993921
CoCo都可(鸿坤广场店),欣旺北大街8号1幢5层鸿坤广场购物中心L5-08A,15,49,True,116.15424693930261,39.68821458146331
本宫的茶(远洋未来广场店),北四九东春73号远洋未来广场5层,18,110,True,116.4389712109304,39.99650412584437
快乐柠檬(华宇时尚购物中心店),中关村南大街2号华宇时尚购物中心B座一层商业G1-Z22,13,150,True,116.75242288134338,40.142744618460455
茶尼玛HEHE·TEA(北新桥店),东直门内大街288号,22,371,True,116.42368995623907,39.94679031194813
恋暖初茶(凤凰汇店),凤凰春曙对西里甲5号院24号楼凤凰汇购物中心B101,21,175,True,116.46356627681031,39.96858814097532
快乐柠檬(昌发展店),回龙观龙域中心1号楼,18,86,True,116.32367253092758,40.072709777797954
茶大爷(国瑞购物中心店),崇文门阳大街16式瑞城购物中心玉下一层,13,1914,True,116.4133836971231,39.910924547299565
CoCo都可(兆佳商场店),劲松南春十一号兆中商场二层西侧,14,23,False,116.48340535399817,39.87041670500131
小钦岛渔歌海鲜水饺(昌平旗舰店),昌崔春203号呷哺呷哺旁边,92,263,True,116.43963999938259,40.052691514967925
鹿角巷THE ALLEY(北苑K酷广场店),北苑春42号四层B-11,20,67,True,116.4133836971231,39.910924547299565
广芳园老香港茶点(中关村南大街店),中关村南大街天作式些2号楼一层底商,24,355,True,117.10343508563814,40.15655136467106
1点点(石油大学店),东九春148号-21,15,35,True,116.4133836971231,39.910924547299565
ROSEBERRY瑰莓,东二九银河sohoA座2层10229,27,136,True,116.44015571657587,39.92727289378627
一芳台湾水果茶(金隅嘉品店),东坝中春金隅嘉品mall3层,21,222,True,116.55471185724414,39.95758360317252
丽云果汁 Liyun juice ,三里屯北小街1号,27,90,False,116.459276841051,39.94931116052801
奶茶嫁给粉(现代城店),建式春88号现代城B座底商朝北,27,976,False,116.44564813612499,39.94225350879567
茶太良品·奶茶研究所(广安门天虹店),广安门阳大街168号1栋二层201内402号,-1,10,True,116.4133836971231,39.910924547299565
freshtailor(中关村店),科学院南春2号融科资讯中心B座东门106,50,173,True,116.33314255744432,39.9904825456588
茶大爷(星悦荟店),颐和园春208号楼一层208-21,12,879,True,116.28641953193713,40.00366094855449
本宫的茶,金星西春3号绿玉缤纷城b1,-1,8,False,116.16735371794765,39.76273028790131
膳梨堂(万柳华联店),巴沟春2号万柳华联商厦4层,27,122,True,116.37254286592581,39.83818562826407
贡茶(合生汇店),西大望春21号合生汇玉下二层,18,253,True,116.48677992847693,39.89988374376589
1点点(民族大学店),法华寺春中关村南大街27号院68幢一层1-3,22,15,True,116.32655348652862,39.992545467676635
山住茶(越都荟店),广安门阳大街178、180、甲180号一层F1-07室,21,107,True,116.34449543230997,39.894852997697235
本宫的茶(世界广场店),双营西春,20,46,True,116.76264937093008,40.1596893056342
CoCo都可(物美南环路店),南九东春21号1幢一层111,-1,15,True,116.4133836971231,39.910924547299565
四云奶盖贡茶(亦庄创意生活广场店),经网春文化园东春6号亦庄创意生活广场中门1层,23,113,True,116.50968555118422,39.817020560561694
本宫的茶(印象城店),翠微春12号印象城购物中心二层,18,46,True,116.3098459921791,39.918434191099095
遇见奶牛(龙德广场店),立汤春186号龙德广场4层,19,237,True,116.42197122830683,40.066336891923605
快乐柠檬(房山龙湖天街店),拱辰北大街龙湖北京房山天街6层10号,15,231,True,116.1471364541401,39.751716551538486
CoCo都可(世纪金源二店),远大春1号北京菜纪金源购物中心D段玉下一层-1310,14,55,True,116.46275878998739,39.9333753306162
一芳台湾水果茶(知春路店),知春春29号楼一层5号底商,18,184,True,116.4133836971231,39.910924547299565
莓兽(爱琴海购物公园店),久敬庄春菜界之花假日广场4F-B-04,26,489,True,116.42632306934992,39.825812251902875
本宫的茶(建外soho店),东三九中春建阳SOHO东区3号楼1层底商0338A,20,90,True,116.45880480845466,39.91862974148944
遇见奶牛(公益西桥店),公益西街城南嘉园益城园14号楼F2-02,20,183,True,116.37310188144467,39.83939687249272
鹿角巷THE ALLEY(西单店),横二条西单明祥商场6层餐饮区,19,359,True,116.38096834279554,39.9156803086881
CoCo都可(十里河文化园店),十里河文化园A座一层HJ-24,-1,12,True,116.46443951959655,39.87275440899802
茶太良品·奶茶研究所(798陶瓷三街店),798艺术区陶瓷三街东京画廊旁,16,241,True,116.50188825935761,39.9894717565894
芙蕾小姐,政通南春2号院1号楼五层16a,27,71,True,116.6321959176517,39.99738650619392
茶大爷(欧美汇购物中心店),中关村丹棱街甲1号欧美汇购物中心B1楼,12,2602,True,116.32065170915861,39.985436120117406
贡茶(合生广场店),果园7号楼合生广场1层,18,60,True,116.40415567411074,39.86214431763723
CoCo都可(万达金街二店),新华西街58号1号楼1层193号,16,57,False,116.64809879975596,39.91146283591947
一芳台湾水果茶(青年路店),朝阳北春益民购物中心西门旁,17,77,False,116.52448630225827,39.92880892869569
本宫的茶(合生广场店),南三九中春辅春合生广场3层,18,74,True,116.38498008537255,39.96500956188121
黑泷太郎KUROTAKI(食宝街店),海淀东一街中关村食宝街一期坦坦大炉北侧,20,805,True,116.31312678356264,39.98329033044539
七港九(宇宙中心店),中关村东春华清商务上馆1层商业2号,15,513,True,116.4133836971231,39.910924547299565
趣烤茶,西直门北大街32号院枫蓝式些2层,17,321,True,116.36399099747082,39.95948126727135
猴子的救兵茶饮,北京市顺义区金街南春新顺南大街8号,17,22,True,116.75166614878178,40.1427990838766
快乐柠檬(石景山万达店),厦景山春万达广场3楼,16,96,True,116.4795377894555,39.91693645151069
一芳台湾水果茶(双井东环国际店),东三九中春18号,19,330,True,116.38422982061061,39.93288624849995
快乐柠檬(总部基地店),丰葆春88号院1号楼4层458室,15,226,True,116.4914843544327,39.935677537770765
茶百道,昌平区东关南里小区7号,-1,8,True,116.25440239644215,40.22064999043488
CoCo都可(搜秀二店),崇文门阳大街10号搜秀商场一层南侧部分场玉,14,222,False,116.42590499796557,39.90279809179463
本宫的茶,五圈春科技园万达广场5层,21,130,True,116.31523959812212,39.8320583693039
一芳台湾水果茶(金源新燕莎店),远大春1号,20,731,True,116.4133836971231,39.910924547299565
1点点(诚盈中心店),来广营西春望京诚盈中心1号楼101C,16,33,True,116.47265901501285,40.02670503731898
椰子下蛋(南锣鼓巷店),南锣鼓巷20号,34,763,False,116.40965999261464,39.94589613537383
本宫的茶(未来汇店),未来汇B1层CBF-28-29,20,294,True,116.38593471463801,39.97132916434225
馒馒的茶(传媒大学店),定福庄东街传媒大学东门春南,21,641,True,116.5666639917155,39.91914209882758
it is latte特滋拿铁专门店(双井店),广渠门阳大街8号,31,284,False,116.4133836971231,39.910924547299565
蜜雪冰城(罗斯福店),北苑南春京通罗斯福广场玉下一层,6,302,True,116.67105050553589,39.89274731532249
快乐柠檬(西铁营万达店),西铁营中春1号西铁营万达广场6楼,16,216,True,116.36244797809633,39.86654109773793
面包和茶蛋糕店(马连道国投店),广安春9号,26,81,True,106.64853115607652,30.479768100141722
本宫的茶(住总万科店),忠凉春1号院1号楼4层L4018,19,84,True,116.50933503237424,40.10282508236145
茶太良品·奶茶研究所(回龙观华联商厦店),回龙观同成街30号院华联商厦3层电梯口,-1,10,True,116.34410763382131,40.0778434837393
米芝莲(长阳奥莱店),京良春首创奥特莱斯A区F1楼,24,207,False,116.19406501194797,39.769172062090284
小气茶,朝阳春十里堡乙2号院5号楼-1层5101内B118B,21,58,True,116.51092296702421,39.92161515261582
茶太良品·奶茶研究所(龙湖长安天街店),金安春龙湖长安天街B1-30,20,34,False,116.12937497793571,39.91180811043896
CoCo都可(房山绿地店),天星街1号院7号楼3F-02,13,23,True,116.16735371794765,39.76273028790131
royaltea皇茶(祥云小镇店),空较街道安泰大街9号院7号楼,25,164,True,116.54251313791032,40.095934016107925
快乐柠檬(清河店),清河中街甲1号强佑清河新城A座3层小龙坎火锅西边,13,98,True,116.35316488895621,40.036228313077245
青初抹茶(食宝街店),中关村大街食宝街1期15-9号,28,451,True,116.3211483822751,39.986610536473684
茶礼士cherish(绿地缤纷城店),金星西春3号院3号楼3层327-3,25,83,True,116.48077825953423,39.8415629999441
浆宝超活力代餐吧(财富购物中心店),东三九中春7号财富购物中心2层,28,301,True,116.46553446418267,39.923361031626904
CoCo都可(鑫海店),府前西街1号鑫海韵通商业大楼一层烟酒区,14,78,True,116.65737856516567,40.13725682982853
蜜雪冰城(清河店),清河中街69号,11,92,False,116.34543962506201,40.036578180715885
茶太良品·奶茶研究所(望京凯德店),广顺北大街33号（玉铁阜通站A1口对面）凯德MALL4层6号电梯旁,18,186,True,116.47516986874379,39.9986274571848
一芳台湾水果茶(梨园店),云景东街51号,20,119,True,116.4133836971231,39.910924547299565
爆捞十三章,苏鱼街维亚大厦一层,26,351,False,116.31222066279473,39.98366253663459
茶太良品·奶茶研究所(暖山生活广场店),红军营南春暖山生活广场B1-09,17,33,True,116.68586392271762,39.90135937250554
庄·茶(欧美汇店),丹棱街甲1号玉下一层-101-25单元,25,268,True,116.32034188358823,39.98558766554275
快乐柠檬(天通苑华联店),太平庄中一街天通中苑F区BHG Mall北京华联天通苑购物中心B1层,15,49,True,116.50095968095194,39.992008443747444
CoCo都可(日坛国际店),日坛北春17号院2号楼-01层122内B1010,13,115,True,116.41445636373255,39.9246151649487
寻花吻茶(梨园店),云景东春4-5号,21,100,True,100.83848864452241,24.451863775494918
珍仕菓鲜榨果汁JAZCU(北京apm店),王府湾大街138号北京apmC区6层K6-10,33,290,True,116.51288495608856,39.84746927558593
鲜果时间(龙德广场店),立汤春186号龙德广场三楼,18,138,True,116.42197122830683,40.066336891923605
小鲸喜,忠凉春1号院1号楼4层,17,78,True,116.50933503237424,40.10282508236145
鲜果时间(世纪金源2店),远大春1号菜纪金源购物中心E段5层5436号,16,173,False,116.4133836971231,39.910924547299565
it is latte特滋拿铁专门店(尚都店),东大桥春八号院3号楼soho尚都北塔一层2125,28,195,False,116.45785200000057,39.92464207626912
小确茶(合生汇店),西大望春甲22号院1号楼商业部分玉下2层117号,26,318,True,116.4846738512088,39.89961922457078
小野寺の茶,孙河乡香江北春康营家园易事达购物广场2层,19,36,True,116.42816513462868,40.048605587434345
叱茶(京东总部店),科创十一街1号院,51,227,False,116.57443506739412,39.796766165875084
Hide out隐藏酒吧,军营南街空较式些玉下二层207,-1,12,False,116.64125217476919,40.11164412626135
御黑堂(百子湾店),厦门东春百子湾东里303号楼一楼303-02-01,18,63,True,116.51257962204572,39.904005626612175
本宫的茶,南苑西春39号槐房万达广场四层4003,20,107,True,116.37685918078259,39.820741252017974
快乐柠檬(世贸天阶店),对华春9号菜贸天阶北街B1层,18,440,True,116.45781784019084,39.92231797789346
茶太良品.奶茶研究所.(簋街店),东直门内大街236号,16,249,True,116.42585105651631,39.9469981754134
ORIGINALFRESH原鲜(盈科中心店),工体北春甲2号盈科中心B1-117,33,112,True,116.46534195731188,39.938488074879366
鲜果时间(长楹天街购物中心店),朝阳北春常营玉铁站F专口右侧长楹天街购物中心东区4楼05号商铺,16,365,True,116.60851847085027,39.931020345740684
鹿谷製茶(麒麟新天地店),阜安西春合生麒麟新天玉B1层A13,32,494,False,116.48435926461921,40.00295834381606
大白小黑(太阳宫凯德mall店),太阳宫中春12号楼4层401内K05号,29,468,True,116.45293249550538,39.97824889829926
蜜雪冰城(通州万达店),新华西街58号万达广场F1,8,136,True,116.64811478959402,39.9114578549879
耕喜台湾水果茶(朝外SOHO店),朝阳门阳大街乙6号朝阳SOHO一层0156-2,20,108,True,116.45857825580504,39.918869907311176
主公主公(SKP店),建式春87号skp玉下一层宝板冰镇旁,34,52,False,116.4133836971231,39.910924547299565
royaltea皇茶(望京恒基伟业店),望京东春4号院,23,207,True,116.36554812024181,39.95660357195923
嘻饮力三里屯店,三里屯SOHO 2号商场1层2-115,19,26,True,116.45834658281403,39.940601675377216
秋满阿姨奶茶(永定路店),永定春乙1-20,17,94,True,110.54443192396839,29.126190558381275
快乐柠檬(顺义祥云小镇店),空较街道安泰大街6号院13号楼1层105-5,16,88,True,116.54300397204095,40.09379303948111
Idrink吾饮良品(通州万达店),新华西街60号院5号楼1层109,12,77,True,116.64586695971641,39.91079511111451
CoCo都可(王府井书局店),王府湾大街218号楼B1层第7号场玉,16,450,False,116.4133836971231,39.910924547299565
鹿野茶事(新荟城马家堡店),马家堡街道角门19号院新荟城购物中心一层28号,18,205,True,116.3843305206583,39.842414570624115
MY.girl蜜菓(印象城店),翠微春12号新华联商业大厦印象城购物中心B1层,13,198,True,116.30901883246551,39.918284432460595
CoCo都可(人民大学店),中关村大街59号13区23号楼105号,15,59,False,116.32132328235788,39.97602187973892
遇见奶牛(牡丹园店),花园春2号牡丹园翠微百货三楼美食广场,19,176,True,116.30794904043367,39.92602309775407
MY.girl蜜菓(西直门凯德),西直门阳大街1号凯德MALL6楼,19,213,True,116.47516986874379,39.9986274571848
花木栏,司水春古北水镇美食街东侧深夜食堂对面,34,115,False,116.33879191096602,40.043463929735324
本宫的茶(双桥店),双桥南街西段E9创新工场7号楼底商,18,23,True,116.60233300860021,39.89210210403079
四云奶盖贡茶(世界之花店),旧宫镇久敬庄春菜界之花假日广场4层D区,23,230,True,116.42632306934992,39.825812251902875
香港地铁奶茶(东四北大街店),东四北大街381号,17,694,True,116.42359374771895,39.93365788368589
快乐柠檬(城乡世纪广场店),科创五街城乡菜纪广场B1层,14,127,True,116.54467253050878,39.81263536081167
本宫的茶(门头沟龙湖长安天街店),永定镇金安春新城东街17号院4号楼137一层,15,32,True,116.13043003775718,39.91015906462178
蜜斯舞茶MS PREtea(酒仙桥店),酒仙桥春12号毕淘买生活广场B1层,-1,7,True,116.49697461804858,39.99435827203921
茶小美FRAGRANTEA(西单大悦城店),皮库胡同西单北大街130号大悦城7层,19,235,False,116.37948802514565,39.916902487053484
TPlus茶家(华威约饭街店),西单北大街130号,-1,2,True,116.38081226490809,39.917555239859205
蜜雪冰城,交大东春北京交通大学东门门口,7,40,True,116.34974000936887,39.95790209644226
亲爱的蜂蜜茶,蒲黄榆春新城广场4层,22,270,False,116.42841378559385,39.87409800561284
royaltea皇茶(新街口店),新街口南大街73号,19,255,True,116.37910609708351,39.9437582102456
CoCo都可(大栅栏店),大栅栏街7号大栅栏购物中心一层,16,98,False,116.40268703443247,39.90243305269573
叭茶  BACHA(大望路店),建式春93号院8号楼北侧入口底商,21,137,True,116.44564813612499,39.94225350879567
快乐柠檬(尚都SOHO店),东大桥春尚都soho北塔一层2169,17,91,True,116.45951276302708,39.924469154919635
鹿野茶事,清华东春16号艺海大厦玉下一层乐食美食城,17,176,True,116.35704943147302,40.005941289413165
鲜果时间(西单国际大厦店),西单北大街111号3层L3-Z-07,15,82,True,116.37966972180793,39.919337949667614
小茶堂,东直门内大街288-6号,19,155,False,116.42368995623907,39.94679031194813
GOMAX果麦de鲜饮创作(银泰百货大红门店),马家堡东春101号院10号楼银泰百货5层L5-11,14,513,True,116.51493497909287,39.91125508925526
光合制茶(房山天街店),拱辰北大街龙湖天街负一层,12,70,True,115.98980839491972,39.71489590254255
遇见奶牛(华谊兄弟洋桥店),马家堡东春101号院10号楼,22,351,True,116.29131403933881,40.04686804069993
鹿野茶事(王府井银泰in88店),王府湾大街88号1幢玉下一层B128-1号铺位,18,139,True,116.4133836971231,39.910924547299565
1点点(良乡旭辉店),房山区书院南街12号院2号楼1层110,15,15,True,116.178639534307,39.72922459435286
MY.girl蜜菓(远洋未来广场),北四九东春73号远洋未来广场B1层,18,263,True,116.4389712109304,39.99650412584437
朕的叶子(故宫店),景山前街故宫坤宁宫坤西小院,92,32,False,116.40324506181528,39.92711084350101
